

insert into address values(null, "Austria", "6020", "Innsbruck", "Fürstenweg", "180");
insert into address values(null, "Germany", "12529", "Schönefeld", "Melli-Beese-Ring", "1");
insert into address values(null, "France", "95700", "Paris", "Roissy-en-France", "5");
insert into address values(null, "Brasil", "200000", "Rio de Janeiro", "Av. Vinte de Janeiro", "4");
insert into address values(null, "Switzerland", "8058", "Kloten", "Klotenstraße", "5");
insert into address values(null, "Afghanistan", "H666+H2F", "Kabul", "H666", "H2F");
insert into address values(null, "Pakistan", "986532", "Karachi", "Airport Road", "3");
insert into address values(null, "Portugal", "1700", "Lisbon", "International Airport Road", "008");
insert into address values(null, "China", "72245", "Peking", "Shunyi District", "852");
insert into address values(null, "Turkey", "34283", "Arnavutköy", "Terminal Cad", "No:1");
insert into address values(null, "Colombia", "587473", "Antioquia", "Rionegro", "5");
insert into address values(null, "Bosnia", "71000", "Sarajevo", "Kurta Schorka", "36");
insert into address values(null, "Croatia", "51513", "Omišalj", "Hamec", "1");
insert into address values(null, "Nigeria", "88725", "Zaria", "Tudan Wada", "810282");
insert into address values(null, "USA", "11430", "NY", "Jamaica", "1");
insert into address values(null, "Norway", "2061", "Gardermoen", "Edvard Munchs veg", "4");
insert into address values(null, "Sweden", "190", "Stockholm", "Arlanda", "4");
insert into address values(null, "Finland", "01531", "Vantaa", "Finland-Road", "8");
insert into address values(null, "Luxembourg", "2632", "Luxembourg", "Rue de Trèves", "7");
insert into address values(null, "Egypt", "8439", "El Nozha", "Oruba Road", "75");

#id 21-40 staff
insert into address values(null, "Austria", "6020", "Innsbruck", "Odorf Weg", "8");
insert into address values(null, "Germany", "12529", "Köln", "Winterer Straße", "7");
insert into address values(null, "France", "95700", "Paris", "Je-san-Loure", "13");
insert into address values(null, "Brasil", "200000", "Rio de Janeiro", "Avenura de Frucito", "4");
insert into address values(null, "Switzerland", "8058", "Kloten", "Klotenstraße", "5");
insert into address values(null, "Afghanistan", "H666+H2F", "Kabul", "Afga Road", "J7I");
insert into address values(null, "Pakistan", "986532", "Karachi", "Rachki", "3");
insert into address values(null, "Portugal", "1700", "Lisbon", "Vamonos Road", "68");
insert into address values(null, "China", "72245", "Peking", "Shengy District", "852");
insert into address values(null, "Turkey", "34283", "Arnavutköy", "Temano Cad", "No:1");
insert into address values(null, "Colombia", "587473", "Antioquia", "Rio de Magaro", "5");
insert into address values(null, "Bosnia", "71000", "Sarajevo", "Kurvana Schorka", "36");
insert into address values(null, "Croatia", "51513", "Omišalj", "Hemica", "1");
insert into address values(null, "Nigeria", "88725", "Zaria", "Wadan i Kre", "810282");
insert into address values(null, "USA", "11430", "NY", "Common Road", "1");
insert into address values(null, "Norway", "2061", "Gardermoen", "Van Heeg Ler", "4");
insert into address values(null, "Sweden", "190", "Stockholm", "Arlena", "4");
insert into address values(null, "Finland", "01531", "Vantaa", "Finland-Avenue", "8");
insert into address values(null, "Luxembourg", "2632", "Luxembourg", "Rue de Boron", "7");
insert into address values(null, "Egypt", "8439", "El Nozha", "Kasacha Road", "75");

#id 41-60 is customer
insert into address values(null,"Canada","M1B", "Toronto","Alexander Street","13");
insert into address values(null,"Canada","M1B", "Toronto","Colombium Street","14");
insert into address values(null,"Canada","M1B", "Toronto","Creadium Street","15");
insert into address values(null,"Austria","6060", "Hall","Bahnhofweg","20");
insert into address values(null,"Austria","6020", "Innsbruck","Reichenauer Straße","18");
insert into address values(null,"Austria","6380", "St.Johann","Reitham","7b");
insert into address values(null,"Austria","6067", "Absam","Föhrenweg","5");
insert into address values(null,"Austria","6063", "Rum","Erlenweg","15");
insert into address values(null,"Austria","1014", "Favoriten","Jägerstraße","14");
insert into address values(null,"Austria","6065", "Thaur","Reitererstraße","43");
insert into address values(null,"Austria","6380", "St.Johann","Reitham","8b");
insert into address values(null,"Austria","3498", "Valneer","Valneren","12");
insert into address values(null,"Austria","5478", "Veit","Kapperlstraße","8");
insert into address values(null,"Austria","9563", "Lohbach","Lohbacher Hauptstraße","4");
insert into address values(null,"Austria","6380", "Bregenz","Bregenzerstraße","120a");
insert into address values(null,"Canada","M1B", "Quebec","Bay Road","45");
insert into address values(null,"Canada","M3O", "Motreal","Bay Street","28");
insert into address values(null,"Canada","N4S", "Quebec","Orange Street","7");
insert into address values(null,"Canada","P9W", "Montreal","Plumb Street","32");
insert into address values(null,"Canada","V4E", "Quebec","Alexander Park","15");

#id 61-80 is airline hq
insert into address values(null, "Austria", "6112", "Wattens", "Salurnerstraße", "14");
insert into address values(null, "Germany", "50212", "Dormund", "Felderweg", "25");
insert into address values(null, "Luxemburg", "9122", "Bettemburg", "Bahnhhofstraße", "69");
insert into address values(null, "Croatia", "69420", "Zadar", "Ljepi put", "33");
insert into address values(null, "Bosinia", "8912", "Bjela", "Morski put", "34");
insert into address values(null, "Egypt", "8911", "Gizeh", "Gizehstraße", "24");
insert into address values(null, "Turkey", "7123", "Ankara", "Str dijital", "12");
insert into address values(null, "Sweden", "8122", "Täby", "Riksväg", "2");
insert into address values(null, "Finland", "8122", "Burd", "Gävsrik", "4");
insert into address values(null, "Norway", "125332", "Darbisk", "tarbaska", "82");
insert into address values(null, "Kolumbia", "2183", "Cali", "Karthelstraße", "3");
insert into address values(null, "Brazil", "9122", "Rio", "Fusballsadionstraße", "5");
insert into address values(null, "Portugal", "9122", "Porto", "Foz do douro", "12");
insert into address values(null, "France", "91221", "Paris", "le´eifeltower", "91");
insert into address values(null, "Switzerland", "91202", "Genf", "teilchenbeschleunigerstraße", "23");
insert into address values(null, "Austria", "6060", "Hall", "Hallenweg", "12");
insert into address values(null, "China", "01221", "Shang Chi", "Chilang hu", "82");
insert into address values(null, "Pakistan", "91223", "Lahore", "Karakorum way", "62");
insert into address values(null, "Germany", "81292", "Bayern", "Lederhosengasse", "5");
insert into address values(null, "Austria", "6020", "tarenz", "Radlwegstraße", "22");

#81-81 weiterführung staff
insert into address values(null, "Germany", "846", "Cologne", "Kaiserstraße", "16");
insert into address values(null, "Australia", "6029", "Kangaroonian", "Kangaroo-Avenue", "18");
insert into address values(null, "Austria", "76561", "Pongau", "Salzkammerstraße", "34");
insert into address values(null, "Luxembourg", "79645", "El Novonani", "Lo-vie-felle Road", "75");


insert into airport values("AUT-520-282-164", 1);
insert into airport values("GER-021-263-434", 2);
insert into airport values("FRA-754-293-639", 3);
insert into airport values("BRA-927-892-083", 4);
insert into airport values("SWZ-739-535-929", 5);
insert into airport values("AFG-567-835-923", 6);
insert into airport values("PAK-723-738-917", 7);
insert into airport values("POR-936-674-246", 8);
insert into airport values("CHI-275-862-812", 9);
insert into airport values("TUK-923-433-723", 10);

insert into airport values("KOL-192-134-147", 11);
insert into airport values("BOS-136-264-386", 12);
insert into airport values("KRO-745-725-264", 13);
insert into airport values("NIG-752-598-144", 14);
insert into airport values("USA-367-833-525", 15);
insert into airport values("NOR-958-246-475", 16);
insert into airport values("SWN-264-264-725", 17);
insert into airport values("FIN-683-386-832", 18);
insert into airport values("LUX-823-264-386", 19);
insert into airport values("EGY-238-842-732", 20);

insert into flight_route values("R1","AUT-520-282-164","EGY-238-842-732");
insert into flight_route values("R2","GER-021-263-434","LUX-823-264-386");
insert into flight_route values("R3","FRA-754-293-639","FIN-683-386-832");
insert into flight_route values("R4","BRA-927-892-083","SWN-264-264-725");
insert into flight_route values("R5","SWZ-739-535-929","NOR-958-246-475");
insert into flight_route values("R6","AFG-567-835-923","USA-367-833-525");
insert into flight_route values("R7","PAK-723-738-917","NIG-752-598-144");
insert into flight_route values("R8","POR-936-674-246","KRO-745-725-264");
insert into flight_route values("R9","CHI-275-862-812","BOS-136-264-386");
insert into flight_route values("R10","TUK-923-433-723","KOL-192-134-147");
insert into flight_route values("R11","KOL-192-134-147","TUK-923-433-723");
insert into flight_route values("R12","BOS-136-264-386","CHI-275-862-812");
insert into flight_route values("R13","KRO-745-725-264","POR-936-674-246");
insert into flight_route values("R14","NIG-752-598-144","PAK-723-738-917");
insert into flight_route values("R15","USA-367-833-525","AFG-567-835-923");
insert into flight_route values("R16","NOR-958-246-475","SWZ-739-535-929");
insert into flight_route values("R17","SWN-264-264-725","BRA-927-892-083");
insert into flight_route values("R18","FIN-683-386-832","FRA-754-293-639");
insert into flight_route values("R19","LUX-823-264-386","GER-021-263-434");
insert into flight_route values("R20","EGY-238-842-732","AUT-520-282-164");

insert into times_to_fly values(null, "monday", "13:00:00", "19:00:00");
insert into times_to_fly values(null, "monday", "3:00:00", "16:00:00");
insert into times_to_fly values(null, "monday", "23:00:00", "02:00:00");
insert into times_to_fly values(null, "tuesday", "17:00:00", "19:30:00");
insert into times_to_fly values(null, "tuesday", "06:45:00", "09:15:00");
insert into times_to_fly values(null, "tuesday", "09:00:00", "23:30:00");
insert into times_to_fly values(null, "wednesday", "10:15:00", "11:30:00");
insert into times_to_fly values(null, "wednesday", "12:00:00", "20:25:00");
insert into times_to_fly values(null, "wednesday", "05:00:00", "13:15:00");
insert into times_to_fly values(null, "thursday", "11:15:00", "14:00:00");
insert into times_to_fly values(null, "thursday", "04:15:00", "12:30:00");
insert into times_to_fly values(null, "thursday", "01:15:00", "17:30:00");
insert into times_to_fly values(null, "friday", "14:45:00", "19:00:00");
insert into times_to_fly values(null, "friday", "09:00:00", "19:00:00");
insert into times_to_fly values(null, "friday", "12:00:00", "15:45:00");
insert into times_to_fly values(null, "saturday", "02:15:00", "06:45:00");
insert into times_to_fly values(null, "saturday", "16:00:00", "21:15:00");
insert into times_to_fly values(null, "saturday", "12:00:00", "23:45:00");
insert into times_to_fly values(null, "sunday", "14:00:00", "17:15:00");
insert into times_to_fly values(null, "sunday", "10:00:00", "16:45:00");

insert into airport_time_to_fly values("AFG-567-835-923", 5);
insert into airport_time_to_fly values("GER-021-263-434", 6);
insert into airport_time_to_fly values("FRA-754-293-639", 7);
insert into airport_time_to_fly values("POR-936-674-246", 9);
insert into airport_time_to_fly values("CHI-275-862-812", 2);
insert into airport_time_to_fly values("TUK-923-433-723", 3);
insert into airport_time_to_fly values("AUT-520-282-164", 4);
insert into airport_time_to_fly values("SWZ-739-535-929", 1);
insert into airport_time_to_fly values("BRA-927-892-083", 8);
insert into airport_time_to_fly values("AFG-567-835-923", 10);
insert into airport_time_to_fly values("KOL-192-134-147", 11);
insert into airport_time_to_fly values("BOS-136-264-386", 12);
insert into airport_time_to_fly values("KRO-745-725-264", 13);
insert into airport_time_to_fly values("NIG-752-598-144", 14);
insert into airport_time_to_fly values("USA-367-833-525", 15);
insert into airport_time_to_fly values("NOR-958-246-475", 16);
insert into airport_time_to_fly values("SWN-264-264-725", 17);
insert into airport_time_to_fly values("FIN-683-386-832", 18);
insert into airport_time_to_fly values("LUX-823-264-386", 19);
insert into airport_time_to_fly values("EGY-238-842-732", 20);

insert into pilot values(1,"2022-09-16");
insert into pilot values(2,"2023-07-18");
insert into pilot values(3,"2021-12-20");
insert into pilot values(4,"2022-3-1");
insert into pilot values(5,"2023-09-26");
insert into pilot values(6,"2022-05-28");
insert into pilot values(7,"2022-01-18");
insert into pilot values(8,"2023-09-4");
insert into pilot values(9,"2021-012-26");
insert into pilot values(10,"2022-11-23");

insert into staff values("U548861", "Markus", "Hemmer", "1983-12-23", 'm', "pilot", 1);
insert into staff values("A2103245", "Sebastian", "Müller", "1964-3-16", 'm', "pilot", 2);
insert into staff values("L2829302", "Daniel", "Kaller", "1962-6-7", 'm', "pilot", 3);
insert into staff values("O0926321", "Lena", "Kircher", "1991-4-1", 'w', "pilot", 4);
insert into staff values("U102579", "Sarah", "Ranovic", "1960-2-28", 'w', "pilot", 5);
insert into staff values("B028341", "Jonas", "Buchauer", "1985-8-23", 'm', "co-pilot", 6);
insert into staff values("E183746", "Oliver", "Rieser", "1994-9-11", 'm', "co-pilot", 7);
insert into staff values("V328203", "Patrick", "Obner", "1952-10-24", 'm', "co-pilot", 8);
insert into staff values("P028217", "Tobias", "Eller", "1944-2-5", 'm', "co-pilot", 9);
insert into staff values("B29471", "Paula", "Riedel", "1965-11-12", 'w', "co-pilot", 10);
insert into staff values("A72973", "Eva", "Russo", "1957-12-27", 'w', "stewardess", null);
insert into staff values("P832084","Klara", "Hofman", "1949-4-30", 'w', "stewardess", null);
insert into staff values("T93248", "Antonia", "Kohl", "1980-8-2", 'w', "stewardess", null);
insert into staff values("E9139233", "Emilia", "Fischer", "1998-6-26", 'w', "stewardess", null);
insert into staff values("I84724", "Magdalena", "Meyer", "1972-2-19", 'w', "stewardess", null);
insert into staff values("P923742", "Elias", "Schulz", "1975-7-14", 'm', "steward", null);
insert into staff values("C316189", "Mila", "Krüger", "1952-3-30", 'w', "cleaning-crew", null);
insert into staff values("A82744", "Romy", "Jansen", "1984-1-29", 'w', "cleaning-crew", null);
insert into staff values("B95371", "Leon", "Peters", "1991-12-2", 'm', "cleaning-crew", null);
insert into staff values("G834721", "Batuhan", "Huber", "1982-3-15", 'm', "securityman", null);
insert into staff values("L024824", "Felix", "Walter", "1966-4-5", 'm', "securityman", null);
insert into staff values("E2842724", "Finn", "Kaiser", "1948-9-24", 'm', "airtrafficcontroller", null);
insert into staff values("O470324", "Noah", "Roth", "1970-12-18", 'm', "airtrafficcontroller", null);
insert into staff values("W2384084", "Fatma", "Winkler", "1991-2-27", 'w', "airtrafficcontroller", null);

insert into customer values("32zhrpi3","Jonas", "Kirchmair", "1999-3-1", 'm');
insert into customer values("ofhiq38f9ph93","Sebastian", "Karamatic", "1990-6-25", 'm');
insert into customer values("epfhowfi3","Ian", "Hirschhuber", "2000-12-6", 'm');
insert into customer values("fjpn4ß9fhqp","Patrick", "Klaric", "2000-10-20", 'm');
insert into customer values("jfp4890fph","Oliver", "Brandstetter", "1999-6-18", 'm');
insert into customer values("jfp394pfh","Daniel", "Egger", "2001-7-16", 'm');
insert into customer values("p34dhind","Simon", "Gwercher", "2001-8-20", 'm');
insert into customer values("d43uipnd9p3","David", "Cech", "2001-12-26", 'm');
insert into customer values("92hd3","Julia", "Biechl", "1999-9-4", 'w');
insert into customer values("dj349pd","Eva", "Bobchev", "2000-4-10", 'w');

insert into airline values(null, "RianAir", 61, "Johannes", "Adami");
insert into airline values(null, "Lufthansa", 62, "Julia", "Biechl");
insert into airline values(null, "Turkish Airlines", 63, "Eva", "Bobchev");
insert into airline values(null, "EasyJet", 64, "Oliver", "Brandstetter");
insert into airline values(null, "Aire6plore", 65, "David", "Cech");
insert into airline values(null, "Air France", 66, "Daniel", "Egger");
insert into airline values(null, "Air India", 67, "Feli6", "Haider");
insert into airline values(null, "Airlink", 68, "Ian", "Hirschuber");
insert into airline values(null, "Alpine Flight Service", 69, "Sebastian", "Karamatic");
insert into airline values(null, "Bluebird Nordic", 70, "Tobias", "Felder");
insert into airline values(null, "British Airways", 71, "Pavel", "Kakhluv");
insert into airline values(null, "China Airlines", 72, "Patrik", "Klaric");
insert into airline values(null, "Fly Egypt", 73, "Simon", "Gwercher");
insert into airline values(null, "Hahn Airlines", 74, "Jonathan", "Gendu");
insert into airline values(null, "Interjet", 75, "Kirchmair", "Jonas");
insert into airline values(null, "JetConnect", 76, "Burak", "Kocak");
insert into airline values(null, "Libyan Airlines", 77, "Noah", "Salzer (RIP)");
insert into airline values(null, "Mali Air", 78, "Ege", "Tuncel");
insert into airline values(null, "North Flying", 79, "Tim", "Steuxner");
insert into airline values(null, "Orange2fly", 80, "Florian", "Peer");

insert into staff_address values("U548861" ,21);
insert into staff_address values("A2103245" ,22);
insert into staff_address values("L2829302" ,23);
insert into staff_address values("O0926321" ,24);
insert into staff_address values("U102579" ,25);
insert into staff_address values("B028341" ,26);
insert into staff_address values("E183746" ,27);
insert into staff_address values("V328203" ,28);
insert into staff_address values("P028217" ,29);
insert into staff_address values("B29471" ,30);
insert into staff_address values("A72973" ,31);
insert into staff_address values("P832084" ,32);
insert into staff_address values("T93248" ,33);
insert into staff_address values("E9139233" ,34);
insert into staff_address values("I84724" ,35);
insert into staff_address values("P923742" ,36);
insert into staff_address values("C316189" ,37);
insert into staff_address values("A82744" ,38);
insert into staff_address values("B95371" ,39);
insert into staff_address values("G834721" ,40);
insert into staff_address values("L024824" ,81);
insert into staff_address values("E2842724" ,82);
insert into staff_address values("O470324" ,83);
insert into staff_address values("W2384084" ,84);

insert into customer_address Values("32zhrpi3", 41);
insert into customer_address Values("ofhiq38f9ph93", 42);
insert into customer_address Values("ofhiq38f9ph93", 41);
insert into customer_address Values("fjpn4ß9fhqp", 43);
insert into customer_address Values("jfp4890fph", 44);
insert into customer_address Values("jfp394pfh", 45);
insert into customer_address Values("p34dhind", 46);
insert into customer_address Values("d43uipnd9p3", 47);
insert into customer_address Values("92hd3", 48);
insert into customer_address Values("dj349pd", 49);
insert into customer_address Values("jfp394pfh", 50);
insert into customer_address Values("32zhrpi3", 51);
insert into customer_address Values("ofhiq38f9ph93", 52);
insert into customer_address Values("p34dhind", 53);
insert into customer_address Values("ofhiq38f9ph93", 54);
insert into customer_address Values("p34dhind", 55);
insert into customer_address Values("32zhrpi3", 56);
insert into customer_address Values("d43uipnd9p3", 57);
insert into customer_address Values("ofhiq38f9ph93", 58);
insert into customer_address Values("p34dhind", 59);
insert into customer_address Values("epfhowfi3", 60);

insert into flight_execution values(null,'2012-06-18 10:34:09','2012-06-18 16:34:09', "R1", 1);
insert into flight_execution values(null,'2021-06-01 04:14:09 ','2021-06-01 10:14:09 ', "R2", 2);
insert into flight_execution values(null,'2018-03-20 09:04:09 ','2018-03-20 14:04:09 ', "R3", 3);
insert into flight_execution values(null,'2015-05-21 05:00:09 ','2015-05-21 11:00:09 ', "R4", 4);
insert into flight_execution values(null,'2020-09-02 11:57:09 ','2020-09-02 13:57:09 ', "R5", 5);
insert into flight_execution values(null,'2022-01-11 08:14:09 ','2022-01-11 16:14:09 ', "R6", 6);
insert into flight_execution values(null,'2013-12-12 05:25:09 ','2013-12-12 13:25:09 ', "R7", 7);
insert into flight_execution values(null,'2017-03-04 06:14:09 ','2017-03-04 10:14:09 ', "R8", 8);
insert into flight_execution values(null,'2019-05-28 04:38:09 ','2019-05-28 23:38:09 ', "R9", 9);
insert into flight_execution values(null,'2021-04-21 06:44:09 ','2021-04-21 08:44:09 ', "R10", 10);
insert into flight_execution values(null,'2016-09-12 11:03:09','2016-09-12 11:33:09', "R1", 1);
insert into flight_execution values(null,'2020-03-05 03:12:09 ','2020-03-05 05:12:09 ', "R2", 2);
insert into flight_execution values(null,'2012-02-21 15:56:09 ','2012-02-21 21:56:09 ', "R3", 3);
insert into flight_execution values(null,'2014-05-22 12:00:09 ','2014-05-22 18:00:09 ', "R4", 4);
insert into flight_execution values(null,'2018-08-08 01:57:09 ','2018-08-08 09:57:09 ', "R5", 5);
insert into flight_execution values(null,'2021-04-14 04:12:09 ','2021-04-14 08:12:09 ', "R6", 6);
insert into flight_execution values(null,'2011-11-13 03:22:09 ','2011-11-13 06:22:09 ', "R7", 7);
insert into flight_execution values(null,'2014-05-06 08:21:09 ','2014-05-06 015:21:09 ', "R8", 8);
insert into flight_execution values(null,'2017-03-27 06:01:09 ','2017-03-27 012:01:09 ', "R9", 9);
insert into flight_execution values(null,'2014-07-20 06:23:09 ','2014-07-20 10:23:09 ', "R10", 10);

insert into flight_execution_customer values(1,"32zhrpi3");
insert into flight_execution_customer values(2,"ofhiq38f9ph93");
insert into flight_execution_customer values(3,"epfhowfi3");
insert into flight_execution_customer values(4,"fjpn4ß9fhqp");
insert into flight_execution_customer values(5,"jfp4890fph");
insert into flight_execution_customer values(6,"jfp394pfh");
insert into flight_execution_customer values(7,"p34dhind");
insert into flight_execution_customer values(8,"d43uipnd9p3");
insert into flight_execution_customer values(9,"92hd3");
insert into flight_execution_customer values(10,"dj349pd");

insert into flight_execution_staff values(11,"U548861");
insert into flight_execution_staff values(12,"A2103245");
insert into flight_execution_staff values(13,"L2829302");
insert into flight_execution_staff values(14,"U548861");
insert into flight_execution_staff values(15,"B028341");
insert into flight_execution_staff values(16,"A72973");
insert into flight_execution_staff values(17,"T93248");
insert into flight_execution_staff values(18,"P923742");
insert into flight_execution_staff values(19,"G834721");
insert into flight_execution_staff values(20,"W2384084");

insert into flight_execution_staff values(11,"B028341");
insert into flight_execution_staff values(12,"V328203");
insert into flight_execution_staff values(13,"P832084");
insert into flight_execution_staff values(14,"E9139233");
insert into flight_execution_staff values(15,"A82744");
insert into flight_execution_staff values(16,"L024824");
insert into flight_execution_staff values(17,"W2384084");
insert into flight_execution_staff values(18,"T93248");
insert into flight_execution_staff values(19,"C316189");
insert into flight_execution_staff values(20,"B95371");



#flight_execution_staff not working







#done




















